ts,method,url,status,elapsed_sec,error,robots_allowed
2025-11-23T16:27:20+0800,GET,https://sousuo.gov.cn/s.htm,,,robots_disallow,False
2025-11-23T16:27:20+0800,GET,https://sousuo.gov.cn/s.htm,,,robots_disallow,False
2025-11-23T16:27:20+0800,GET,https://sousuo.gov.cn/s.htm,,,robots_disallow,False
2025-11-23T16:27:20+0800,GET,https://sousuo.gov.cn/s.htm,,,robots_disallow,False
2025-11-23T16:27:20+0800,GET,https://sousuo.gov.cn/s.htm,,,robots_disallow,False
2025-11-23T16:27:33+0800,GET,https://api.worldbank.org/v2/country/CHN/indicator/IP.PAT.RESD?format=json&per_page=20000&date=2000%3A2025,200,6.520,,True
2025-11-23T16:27:33+0800,GET,https://api.worldbank.org/v2/country/CHN/indicator/EN.ATM.CO2E.PC?format=json&per_page=20000&date=2000%3A2025,200,0.514,,True
2025-11-23T16:27:39+0800,GET,https://api.worldbank.org/v2/country/CHN/indicator/SP.POP.65UP.TO.ZS?format=json&per_page=20000&date=2000%3A2025,200,0.837,,True
2025-11-23T16:27:45+0800,GET,https://api.worldbank.org/v2/country/CHN/indicator/IT.NET.USER.ZS?format=json&per_page=20000&date=2000%3A2025,200,0.650,,True
